,Mean,Min,Max,Variance
temperature,22.501905671296296,20.0,25.0,2.0767871026242384
humidity,49.96910821759259,40.0,60.0,33.19082369104885
light,549.8604947916666,100.04,999.96,67778.12436208516
pH,7.000854166666667,6.0,8.0,0.3326494931709011
electrical_conductivity,1.2472133680555555,0.5,2.0,0.18620442157022857
